Timestamp_Min,Downlink_Throughput_Mbps,Uplink_Throughput_Mbps,Active_Users,Energy_Consumption_Watt,QoS_Drop_Rate_Fraction,External_Temp_C
0,30.0,6.3,16,1000.0,0.0007,24.5
1,30.2,6.8,17,1007.8,0.0004,24.5
2,64.0,13.4,17,1066.4,0.0007,24.5
3,35.4,9.3,10,1006.2,0.0002,24.5
4,49.5,10.0,21,1086.4,0.0006,24.5
5,57.9,13.9,14,1073.0,0.0006,24.5
6,50.1,9.4,26,1071.4,0.0007,24.6
7,50.1,9.6,24,1079.5,0.0004,24.6
8,59.7,11.5,12,1044.5,0.0001,24.6
9,57.6,10.3,26,1067.3,0.0009,24.6
10,44.9,8.2,19,1062.3,0.0001,24.6
11,40.8,6.5,12,1027.2,0.0009,24.6
12,64.5,14.0,16,1128.1,0.0006,24.7
13,58.9,11.8,21,1057.7,0.0004,24.7
14,43.4,7.7,15,1028.7,0.0001,24.7
15,48.7,10.9,17,1045.0,0.0005,24.7
16,40.7,9.7,10,995.7,0.0006,24.7
17,39.3,6.2,15,1010.3,0.0003,24.7
18,63.7,12.6,15,1104.5,0.0008,24.8
19,50.4,8.8,12,1046.3,0.0001,24.8
20,51.4,8.9,20,1091.5,0.0005,24.8
21,33.7,6.5,10,1014.3,0.0008,24.8
22,61.3,12.6,18,1107.5,0.0006,24.8
23,41.2,7.5,10,1023.7,0.0005,24.8
24,55.7,10.9,21,1090.2,0.0009,24.9
25,70.5,14.4,28,1129.8,0.001,24.9
26,72.0,14.5,26,1143.9,0.0008,24.9
27,47.5,9.7,18,1044.1,0.0002,24.9
28,34.6,7.5,11,975.1,0.0001,24.9
29,58.1,11.6,17,1111.4,0.0006,24.9
30,69.0,13.1,29,1115.7,0.0007,25.0
31,38.5,7.2,15,989.1,0.0002,25.0
32,59.9,11.6,26,1128.9,0.0006,25.0
33,50.1,10.3,25,1054.5,0.0001,25.0
34,59.5,10.3,24,1065.3,0.0002,25.0
35,40.7,8.0,15,1036.7,0.0001,25.0
36,48.7,10.3,16,1061.8,0.0008,25.1
37,65.4,13.1,19,1111.8,0.0001,25.1
38,56.1,11.7,15,1102.1,0.0005,25.1
39,43.2,9.1,16,1059.6,0.0003,25.1
40,42.6,8.9,20,1058.9,0.0008,25.1
41,56.6,11.5,16,1020.0,0.0009,25.2
42,56.3,12.0,25,1055.5,0.001,25.2
43,53.2,11.5,18,1073.3,0.0006,25.2
44,50.8,10.5,14,1063.8,0.0003,25.2
45,31.9,5.6,13,1011.3,0.0006,25.2
46,72.5,14.9,33,1117.0,0.0009,25.2
47,54.4,11.4,16,1072.3,0.0009,25.3
48,44.0,9.6,16,1023.2,0.0006,25.3
49,66.1,13.1,23,1092.4,0.0004,25.3
50,60.5,12.8,16,1041.4,0.0004,25.3
51,67.8,13.8,17,1077.5,0.0008,25.3
52,49.0,9.5,24,1107.0,0.0003,25.4
53,53.9,9.7,27,1098.4,0.0005,25.4
54,45.0,8.6,15,1045.3,0.0008,25.4
55,65.8,11.9,18,1063.4,0.0007,25.4
56,68.6,13.1,22,1099.6,0.0001,25.4
57,52.6,11.4,27,1083.2,0.0002,25.4
58,62.4,11.0,20,1077.7,0.0009,25.5
59,70.5,15.4,31,1149.7,0.0008,25.5
60,62.2,13.9,16,1064.7,0.0009,25.5
61,65.3,14.1,19,1088.2,0.0004,25.5
62,60.2,11.3,29,1125.8,0.0002,25.5
63,50.3,9.9,16,1071.1,0.0003,25.6
64,68.2,13.9,16,1102.3,0.0001,25.6
65,55.5,10.1,10,1019.5,0.0006,25.6
66,63.5,11.8,17,1118.2,0.0008,25.6
67,38.0,10.1,22,1052.4,0.0003,25.6
68,66.0,13.4,19,1094.2,0.0007,25.7
69,78.3,17.4,23,1111.1,0.0009,25.7
70,81.9,15.9,23,1167.2,0.0004,25.7
71,63.6,11.7,29,1117.9,0.0006,25.7
72,76.3,16.0,27,1170.7,0.0009,25.7
73,74.6,15.9,24,1116.3,0.0005,25.7
74,68.1,13.7,20,1080.0,0.0003,25.8
75,79.5,15.5,23,1131.9,0.0004,25.8
76,67.1,13.1,26,1132.4,0.0005,25.8
77,85.9,17.4,30,1126.8,0.0009,25.8
78,64.5,14.0,26,1117.8,0.0008,25.8
79,64.1,14.3,20,1092.7,0.0008,25.9
80,52.2,10.2,20,1054.9,0.0001,25.9
81,60.2,12.7,32,1111.7,0.0003,25.9
82,51.6,10.3,13,1026.7,0.0006,25.9
83,74.2,14.0,28,1140.1,0.0009,25.9
84,55.5,10.4,30,1067.8,0.0003,26.0
85,71.8,15.4,33,1145.6,0.001,26.0
86,62.0,10.7,25,1124.9,0.0002,26.0
87,79.9,16.4,34,1133.8,0.0002,26.0
88,63.7,11.3,22,1152.3,0.0006,26.0
89,56.6,11.2,27,1086.9,0.0006,26.1
90,56.7,10.8,21,1066.0,0.0006,26.1
91,81.5,16.7,33,1140.9,0.001,26.1
92,90.5,17.6,36,1187.0,0.0009,26.1
93,69.1,13.8,14,1102.1,0.0006,26.1
94,70.6,14.2,21,1093.1,0.0005,26.2
95,85.3,14.5,26,1142.1,0.0003,26.2
96,52.1,10.4,19,1043.5,0.0002,26.2
97,72.6,15.0,20,1111.6,0.0001,26.2
98,59.6,12.7,16,1095.8,0.0003,26.2
99,73.6,13.1,23,1094.8,0.0003,26.3
100,64.7,12.2,34,1135.9,0.0002,26.3
101,85.1,17.0,35,1139.2,0.0006,26.3
102,55.1,10.1,22,1053.7,0.0008,26.3
103,87.0,15.9,30,1163.0,0.0009,26.4
104,65.7,13.0,15,1106.6,0.0009,26.4
105,54.7,12.0,25,1092.4,0.0006,26.4
106,102.5,19.3,35,1258.5,0.0002,26.4
107,75.2,14.5,16,1111.0,0.0002,26.4
108,69.0,14.6,26,1129.1,0.0007,26.5
109,74.0,13.5,24,1144.1,0.0002,26.5
110,68.6,14.7,29,1114.0,0.0006,26.5
111,68.3,14.8,23,1129.4,0.0003,26.5
112,83.5,15.7,31,1195.0,0.0001,26.5
113,65.5,13.1,13,1096.4,0.0007,26.6
114,84.3,16.1,28,1175.5,0.0004,26.6
115,94.7,19.2,34,1194.2,0.0003,26.6
116,78.7,14.5,31,1184.6,0.0006,26.6
117,77.4,15.5,17,1124.4,0.0009,26.6
118,88.2,17.8,31,1186.2,0.0004,26.7
119,79.0,15.0,24,1133.1,0.001,26.7
120,85.8,17.0,31,1184.6,0.0006,26.7
121,90.9,17.2,31,1151.5,0.0005,26.7
122,101.2,19.5,22,1216.0,0.0002,26.7
123,79.1,15.4,22,1088.0,0.0008,26.8
124,73.3,14.4,28,1140.2,0.0008,26.8
125,86.7,15.8,28,1146.6,0.0002,26.8
126,97.6,20.1,38,1196.1,0.0002,26.8
127,61.2,12.2,22,1095.4,0.0008,26.9
128,95.7,19.6,33,1195.0,0.0006,26.9
129,90.4,17.3,33,1218.2,0.0006,26.9
130,79.9,15.8,29,1171.1,0.0004,26.9
131,110.0,21.0,37,1247.3,0.0003,26.9
132,83.2,16.5,19,1149.1,0.001,27.0
133,89.5,17.8,29,1152.2,0.0004,27.0
134,106.9,22.3,35,1198.0,0.0003,27.0
135,100.0,21.2,33,1212.9,0.0007,27.0
136,98.3,19.5,32,1178.2,0.0008,27.0
137,84.3,16.0,28,1161.4,0.0005,27.1
138,93.5,18.0,37,1183.4,0.0001,27.1
139,84.3,14.4,28,1130.3,0.0003,27.1
140,99.6,19.7,35,1222.8,0.0003,27.1
141,90.0,17.8,28,1189.6,0.0007,27.2
142,83.3,15.2,21,1157.3,0.0003,27.2
143,86.1,18.0,21,1145.9,0.0009,27.2
144,91.5,18.5,39,1192.5,0.0009,27.2
145,119.4,20.9,39,1291.7,0.0006,27.2
146,105.6,21.2,49,1241.8,0.0003,27.3
147,93.7,18.3,25,1188.0,0.0007,27.3
148,104.0,20.0,35,1184.4,0.0006,27.3
149,105.6,19.4,37,1235.6,0.0003,27.3
150,90.2,16.3,32,1213.6,0.0003,27.3
151,116.3,23.2,43,1280.9,0.0005,27.4
152,103.1,21.3,40,1232.5,0.0001,27.4
153,101.1,19.9,41,1237.8,0.0009,27.4
154,117.6,25.2,38,1256.8,0.0002,27.4
155,119.6,24.5,32,1240.3,0.0005,27.5
156,100.7,21.2,34,1246.2,0.0005,27.5
157,99.1,20.5,36,1238.9,0.0009,27.5
158,93.8,18.6,29,1174.1,0.0004,27.5
159,92.8,18.4,27,1151.9,0.0007,27.5
160,105.9,22.9,31,1200.8,0.0003,27.6
161,106.2,22.8,39,1234.3,0.0003,27.6
162,103.9,23.4,33,1209.9,0.0006,27.6
163,119.9,25.4,36,1253.3,0.0004,27.6
164,123.2,25.1,44,1299.5,0.0003,27.7
165,111.5,21.3,36,1253.1,0.0005,27.7
166,95.8,20.5,33,1165.7,0.0002,27.7
167,112.0,22.8,35,1240.3,0.001,27.7
168,102.0,19.6,26,1203.3,0.0006,27.7
169,124.7,23.1,50,1316.7,0.0005,27.8
170,112.7,23.0,37,1255.8,0.001,27.8
171,91.8,20.4,32,1203.1,0.0006,27.8
172,107.0,20.6,34,1220.5,0.0005,27.8
173,116.2,24.2,32,1258.4,0.0005,27.8
174,125.9,25.1,39,1285.0,0.0001,27.9
175,120.1,24.1,46,1270.9,0.0004,27.9
176,126.9,25.1,43,1269.8,0.0007,27.9
177,129.9,26.5,44,1274.7,0.0003,27.9
178,114.1,23.2,51,1260.8,0.0008,28.0
179,127.5,27.0,42,1283.8,0.0005,28.0
180,131.3,24.5,46,1320.6,0.0001,28.0
181,128.7,27.4,42,1286.2,0.0004,28.0
182,125.9,25.5,48,1289.6,0.0007,28.0
183,138.5,27.6,58,1350.1,0.0002,28.1
184,126.4,25.0,38,1275.5,0.0008,28.1
185,118.9,25.6,37,1277.6,0.0005,28.1
186,120.4,23.9,40,1266.3,0.0008,28.1
187,131.6,27.4,44,1332.6,0.0008,28.2
188,136.0,25.5,42,1279.6,0.0001,28.2
189,146.1,29.8,47,1349.0,0.0005,28.2
190,115.6,23.0,40,1244.3,0.0008,28.2
191,118.7,24.9,35,1264.7,0.0003,28.2
192,128.1,24.9,40,1265.9,0.0006,28.3
193,135.1,28.3,41,1317.3,0.0009,28.3
194,119.7,21.7,47,1313.1,0.0007,28.3
195,142.2,28.4,48,1322.5,0.0004,28.3
196,133.8,26.9,37,1304.3,0.0005,28.3
197,132.0,27.0,51,1315.0,0.001,28.4
198,151.9,30.8,48,1375.3,0.0002,28.4
199,130.3,26.7,40,1305.8,0.0004,28.4
200,135.5,26.9,48,1337.5,0.0004,28.4
201,132.9,26.0,47,1298.3,0.0002,28.5
202,128.5,25.2,33,1286.7,0.0008,28.5
203,154.8,32.2,62,1366.5,0.0004,28.5
204,142.1,27.9,46,1349.9,0.0006,28.5
205,147.2,29.8,46,1363.2,0.0005,28.5
206,146.2,28.4,50,1380.5,0.0003,28.6
207,151.0,30.6,36,1324.6,0.0002,28.6
208,143.4,27.2,48,1320.8,0.0009,28.6
209,149.9,30.6,45,1363.8,0.0007,28.6
210,149.0,30.9,50,1368.0,0.0006,28.7
211,140.2,29.1,42,1333.1,0.001,28.7
212,150.7,31.0,50,1395.8,0.0009,28.7
213,151.5,30.2,46,1370.1,0.0009,28.7
214,148.9,28.9,46,1352.6,0.0004,28.7
215,130.2,25.8,43,1333.9,0.0006,28.8
216,161.8,31.1,59,1432.9,0.0005,28.8
217,142.2,28.3,55,1333.0,0.0002,28.8
218,160.3,30.4,49,1381.2,0.0003,28.8
219,162.9,32.5,60,1408.3,0.0001,28.8
220,166.9,33.8,67,1424.7,0.0002,28.9
221,150.1,29.2,51,1370.7,0.001,28.9
222,148.8,29.9,60,1382.0,0.0001,28.9
223,174.9,36.2,50,1437.6,0.0005,28.9
224,160.0,32.8,52,1427.2,0.0008,29.0
225,166.5,33.0,53,1412.9,0.0007,29.0
226,141.0,27.5,45,1369.3,0.0001,29.0
227,176.8,35.4,66,1491.5,0.0001,29.0
228,144.2,28.7,51,1353.6,0.0004,29.0
229,150.0,29.3,60,1405.4,0.0007,29.1
230,170.8,33.8,54,1438.8,0.0009,29.1
231,146.2,27.9,49,1346.4,0.001,29.1
232,155.1,30.4,52,1374.8,0.0001,29.1
233,160.8,31.8,52,1382.2,0.0005,29.1
234,183.9,37.2,64,1444.9,0.0003,29.2
235,169.1,32.0,58,1411.0,0.0005,29.2
236,182.0,35.3,64,1485.5,0.0007,29.2
237,167.2,33.6,58,1449.1,0.0002,29.2
238,167.9,33.9,50,1418.9,0.0008,29.3
239,181.2,35.6,53,1466.6,0.0006,29.3
240,174.9,34.1,58,1451.7,0.0007,29.3
241,169.7,33.4,51,1356.1,0.0008,29.3
242,197.5,40.2,66,1529.4,0.0005,29.3
243,183.1,37.1,65,1464.6,0.0009,29.4
244,159.8,31.9,52,1377.9,0.0003,29.4
245,180.4,36.7,56,1458.5,0.0008,29.4
246,178.1,35.4,56,1428.4,0.0009,29.4
247,183.4,38.1,67,1509.7,0.0007,29.4
248,198.9,39.3,60,1525.1,0.0008,29.5
249,187.6,37.3,56,1483.7,0.0004,29.5
250,181.4,36.0,62,1477.0,0.0004,29.5
251,186.2,37.5,67,1471.8,0.0004,29.5
252,202.9,41.0,66,1509.1,0.0004,29.5
253,174.7,34.3,58,1416.3,0.0005,29.6
254,199.7,39.9,71,1536.8,0.0008,29.6
255,173.2,36.1,44,1414.5,0.0007,29.6
256,190.4,38.1,69,1530.5,0.0004,29.6
257,195.9,40.8,67,1508.7,0.0009,29.6
258,203.4,41.2,69,1524.3,0.0003,29.7
259,191.2,38.1,59,1461.7,0.0004,29.7
260,201.8,39.6,59,1466.9,0.0008,29.7
261,207.1,40.1,62,1574.6,0.0004,29.7
262,184.4,38.1,61,1454.9,0.0006,29.8
263,211.5,41.3,74,1519.1,0.0002,29.8
264,206.2,41.5,71,1562.0,0.0008,29.8
265,189.6,36.9,61,1458.2,0.0005,29.8
266,187.8,37.1,67,1468.7,0.0006,29.8
267,208.5,41.0,62,1526.0,0.0008,29.9
268,209.6,41.4,70,1572.2,0.0008,29.9
269,191.6,39.0,58,1486.1,0.0003,29.9
270,191.6,40.6,58,1502.8,0.0007,29.9
271,220.5,42.3,75,1618.0,0.0007,29.9
272,205.8,42.7,70,1546.6,0.0005,30.0
273,188.0,36.2,60,1472.6,0.001,30.0
274,208.7,41.3,73,1554.5,0.0007,30.0
275,206.2,42.8,70,1569.9,0.0006,30.0
276,210.8,42.5,72,1559.0,0.0001,30.0
277,210.4,42.3,80,1584.3,0.0006,30.1
278,209.2,42.1,76,1570.9,0.0004,30.1
279,203.7,40.2,62,1515.6,0.0004,30.1
280,212.5,42.5,62,1549.0,0.0006,30.1
281,195.0,38.3,59,1499.6,0.0002,30.1
282,221.6,45.2,79,1590.6,0.001,30.2
283,208.0,41.8,65,1505.7,0.0007,30.2
284,203.7,39.9,68,1523.9,0.0004,30.2
285,224.6,46.7,76,1604.4,0.0005,30.2
286,213.0,41.0,80,1564.2,0.0006,30.2
287,220.1,43.6,75,1578.3,0.0005,30.3
288,219.7,44.6,75,1587.8,0.0002,30.3
289,220.8,42.9,68,1565.5,0.0009,30.3
290,225.7,44.5,63,1545.7,0.0007,30.3
291,229.5,45.6,78,1601.2,0.0004,30.3
292,216.3,42.4,70,1555.4,0.0008,30.3
293,216.9,44.7,63,1570.4,0.0005,30.4
294,226.7,45.1,86,1641.8,0.0004,30.4
295,238.7,47.2,81,1652.5,0.0003,30.4
296,224.5,45.8,70,1577.7,0.0001,30.4
297,237.2,46.6,83,1650.5,0.0002,30.4
298,228.6,44.9,76,1653.3,0.001,30.5
299,235.3,48.4,72,1617.1,0.001,30.5
300,235.5,47.4,89,1658.9,0.0009,30.5
301,237.8,47.5,77,1624.1,0.0005,30.5
302,237.8,49.1,83,1670.4,0.0002,30.5
303,227.1,45.3,81,1618.1,0.0008,30.6
304,242.4,50.2,79,1644.5,0.0004,30.6
305,221.8,45.5,78,1588.4,0.0009,30.6
306,229.9,46.8,68,1601.0,0.0004,30.6
307,234.5,46.4,76,1596.2,0.0009,30.6
308,240.2,48.6,76,1634.4,0.0007,30.6
309,249.1,49.1,87,1690.4,0.0004,30.7
310,253.4,51.6,82,1651.8,0.0004,30.7
311,243.2,48.1,76,1628.5,0.0003,30.7
312,258.6,50.8,88,1750.0,0.0003,30.7
313,254.0,50.3,86,1674.0,0.0006,30.7
314,256.5,51.9,82,1683.5,0.0009,30.8
315,258.7,52.0,85,1715.3,0.0008,30.8
316,255.8,51.0,89,1693.3,0.0008,30.8
317,259.9,51.2,94,1699.2,0.0002,30.8
318,258.4,50.7,83,1678.3,0.0002,30.8
319,257.4,51.9,94,1755.2,0.0006,30.8
320,246.2,48.8,82,1640.0,0.0008,30.9
321,260.1,51.3,90,1721.7,0.0001,30.9
322,254.1,50.8,85,1661.3,0.0002,30.9
323,262.3,53.8,83,1699.4,0.0007,30.9
324,272.7,53.8,98,1747.3,0.0009,30.9
325,267.7,52.0,82,1704.6,0.0009,31.0
326,264.5,52.8,87,1737.3,0.0004,31.0
327,249.2,50.0,84,1644.5,0.0003,31.0
328,244.6,49.8,78,1643.6,0.0003,31.0
329,266.7,54.3,100,1770.1,0.0002,31.0
330,270.0,54.4,84,1718.6,0.0008,31.0
331,267.6,52.7,93,1749.7,0.0006,31.1
332,257.0,50.0,83,1678.1,0.0006,31.1
333,281.8,57.2,97,1784.6,0.0005,31.1
334,277.1,55.6,94,1738.0,0.0003,31.1
335,286.0,56.8,86,1746.6,0.0001,31.1
336,287.3,58.9,98,1802.9,0.001,31.1
337,283.8,57.0,83,1763.0,0.0001,31.2
338,271.6,54.1,86,1768.1,0.0005,31.2
339,270.6,55.9,95,1724.2,0.0006,31.2
340,277.0,55.0,87,1743.0,0.0003,31.2
341,279.5,56.2,92,1804.0,0.0001,31.2
342,287.1,57.5,100,1806.6,0.001,31.2
343,283.6,57.2,95,1760.8,0.0009,31.3
344,276.6,55.4,92,1760.7,0.0002,31.3
345,291.1,57.3,99,1805.1,0.0007,31.3
346,295.8,62.4,94,1779.4,0.0009,31.3
347,306.8,62.0,98,1838.8,0.0001,31.3
348,279.5,55.3,86,1752.7,0.0006,31.3
349,285.1,58.7,98,1795.6,0.0002,31.4
350,271.9,53.5,84,1775.5,0.0006,31.4
351,288.0,58.3,99,1766.8,0.0004,31.4
352,298.0,60.7,101,1832.1,0.0007,31.4
353,332.0,66.9,109,1896.5,0.0006,31.4
354,295.3,57.6,107,1847.9,0.0001,31.4
355,301.6,58.9,104,1841.2,0.0009,31.5
356,305.6,62.6,106,1866.3,0.0002,31.5
357,287.3,56.9,97,1778.2,0.0002,31.5
358,298.5,60.1,99,1843.0,0.001,31.5
359,290.4,55.9,95,1801.7,0.0005,31.5
360,306.4,60.4,101,1859.2,0.0002,31.5
361,310.7,61.4,110,1866.5,0.0003,31.6
362,299.0,59.0,100,1810.7,0.0001,31.6
363,309.1,61.5,108,1877.1,0.0003,31.6
364,301.8,60.0,97,1832.1,0.0002,31.6
365,310.9,63.0,107,1843.4,0.0008,31.6
366,293.3,60.2,100,1819.2,0.0008,31.6
367,305.5,59.7,104,1840.3,0.0009,31.6
368,299.9,61.6,104,1812.7,0.0002,31.7
369,308.7,61.5,98,1843.8,0.0009,31.7
370,312.1,63.1,109,1813.4,0.0007,31.7
371,285.5,54.9,92,1758.2,0.0003,31.7
372,309.6,61.1,103,1857.7,0.0008,31.7
373,308.4,61.1,98,1868.7,0.0003,31.7
374,303.2,62.7,102,1856.4,0.001,31.7
375,311.5,63.9,105,1844.8,0.0001,31.8
376,324.6,65.7,112,1900.0,0.0006,31.8
377,296.3,58.5,94,1805.7,0.0004,31.8
378,330.9,65.1,116,1940.7,0.0002,31.8
379,327.4,63.8,112,1889.2,0.0009,31.8
380,323.4,66.1,113,1917.3,0.0009,31.8
381,316.0,63.5,108,1863.5,0.0009,31.8
382,339.3,68.0,115,1980.9,0.0001,31.9
383,316.6,63.9,105,1867.0,0.0002,31.9
384,315.3,62.2,114,1897.8,0.0008,31.9
385,319.0,62.6,115,1899.5,0.0007,31.9
386,324.3,63.4,104,1883.9,0.0001,31.9
387,343.6,69.4,119,1935.4,0.0008,31.9
388,341.1,67.5,113,1944.3,0.0008,31.9
389,315.6,63.6,102,1883.8,0.001,32.0
390,316.4,63.1,106,1878.9,0.0001,32.0
391,325.0,65.4,111,1895.0,0.0007,32.0
392,332.8,66.9,116,1936.0,0.0003,32.0
393,339.0,70.1,118,1968.6,0.0007,32.0
394,341.6,67.3,107,1950.5,0.0004,32.0
395,352.9,69.7,128,2022.1,0.0007,32.0
396,341.2,68.6,117,1951.6,0.0006,32.0
397,325.8,64.9,102,1896.0,0.0002,32.1
398,351.0,70.5,121,1994.7,0.0006,32.1
399,345.2,68.5,117,1944.1,0.0004,32.1
400,337.0,68.0,120,1976.4,0.0009,32.1
401,328.9,65.9,112,1951.0,0.0004,32.1
402,336.2,67.5,107,1930.0,0.0005,32.1
403,363.2,73.4,117,2035.7,0.0001,32.1
404,339.8,67.0,120,1967.1,0.0008,32.1
405,356.5,71.2,110,2006.8,0.0003,32.2
406,343.3,66.7,112,1969.2,0.0003,32.2
407,338.9,66.5,113,1953.1,0.001,32.2
408,343.9,68.2,109,1967.1,0.0003,32.2
409,351.2,69.1,119,1997.0,0.0005,32.2
410,354.3,70.5,125,2005.5,0.0006,32.2
411,368.3,72.8,122,2036.8,0.001,32.2
412,363.8,73.0,128,2043.7,0.001,32.2
413,366.5,73.8,123,2051.8,0.0002,32.3
414,360.3,71.8,124,2037.3,0.0003,32.3
415,344.2,70.0,111,1944.8,0.0002,32.3
416,360.1,71.4,120,1990.6,0.0009,32.3
417,376.4,74.6,135,2029.5,0.001,32.3
418,357.4,72.7,119,2007.3,0.0008,32.3
419,363.5,73.8,130,2044.5,0.0006,32.3
420,343.7,70.6,114,1935.9,0.0008,32.3
421,353.7,71.0,119,1997.6,0.0009,32.3
422,366.6,73.1,115,2043.2,0.0004,32.4
423,369.5,73.1,127,2020.1,0.001,32.4
424,355.4,71.4,115,1990.1,0.0009,32.4
425,374.7,73.9,125,2060.2,0.0001,32.4
426,366.2,74.0,119,2029.4,0.0001,32.4
427,392.9,78.1,134,2127.8,0.0009,32.4
428,365.5,73.7,121,1997.6,0.0004,32.4
429,365.0,74.2,121,2026.7,0.0003,32.4
430,380.1,73.7,119,2050.6,0.0007,32.4
431,375.5,74.5,124,2056.7,0.0008,32.4
432,398.3,79.8,129,2133.1,0.0009,32.5
433,378.3,76.1,131,2082.4,0.0002,32.5
434,365.2,73.6,124,2040.7,0.0009,32.5
435,378.6,75.4,130,2070.1,0.0002,32.5
436,386.0,77.9,127,2074.7,0.0008,32.5
437,383.3,78.1,120,2061.0,0.0001,32.5
438,371.0,73.3,127,2061.6,0.0009,32.5
439,397.8,78.7,140,2133.4,0.0009,32.5
440,381.7,76.0,126,2099.5,0.0004,32.5
441,398.2,79.1,138,2110.3,0.0004,32.5
442,383.0,74.6,129,2109.3,0.0008,32.5
443,410.5,81.0,135,2182.7,0.0006,32.6
444,389.1,79.0,123,2086.3,0.0001,32.6
445,386.4,77.1,131,2113.8,0.0006,32.6
446,380.3,76.6,129,2097.2,0.0004,32.6
447,395.0,78.2,143,2159.0,0.0009,32.6
448,404.3,79.2,136,2177.3,0.0004,32.6
449,397.1,80.2,124,2084.1,0.0003,32.6
450,394.0,78.5,134,2146.7,0.0009,32.6
451,406.7,82.6,134,2185.3,0.0008,32.6
452,395.0,78.6,143,2170.1,0.0007,32.6
453,385.6,76.0,130,2109.6,0.0009,32.6
454,422.6,83.1,148,2211.5,0.0001,32.7
455,382.8,76.7,124,2065.7,0.0003,32.7
456,397.7,77.5,134,2146.6,0.0003,32.7
457,400.9,79.6,138,2121.2,0.001,32.7
458,397.6,78.8,126,2195.1,0.001,32.7
459,412.2,81.0,128,2155.8,0.0007,32.7
460,404.8,82.3,137,2172.2,0.0002,32.7
461,400.8,80.6,138,2150.5,0.0007,32.7
462,405.8,80.7,128,2135.3,0.0002,32.7
463,416.9,83.4,134,2186.9,0.0001,32.7
464,416.2,83.7,141,2224.6,0.0007,32.7
465,416.4,84.1,141,2193.2,0.0002,32.7
466,421.2,84.5,137,2189.7,0.0009,32.7
467,407.6,81.7,140,2186.3,0.0009,32.7
468,430.3,85.3,138,2247.1,0.0007,32.8
469,426.2,86.0,143,2208.4,0.0002,32.8
470,419.6,81.6,135,2196.0,0.0004,32.8
471,423.1,84.4,138,2214.1,0.0006,32.8
472,408.7,84.0,139,2180.9,0.0002,32.8
473,407.4,81.3,142,2172.1,0.0007,32.8
474,428.4,84.6,142,2226.6,0.0006,32.8
475,409.9,82.1,142,2192.8,0.0001,32.8
476,428.6,85.6,145,2266.1,0.0008,32.8
477,410.8,81.3,140,2174.9,0.0004,32.8
478,414.7,82.5,139,2160.4,0.001,32.8
479,426.9,84.0,145,2237.1,0.0007,32.8
480,422.5,85.9,140,2237.5,0.0008,32.8
481,416.8,84.0,148,2235.9,0.0003,32.8
482,437.7,87.8,145,2266.6,0.0005,32.8
483,420.5,84.4,144,2235.8,0.001,32.8
484,434.7,86.1,145,2259.8,0.0005,32.9
485,438.3,86.9,152,2250.1,0.0003,32.9
486,436.2,87.8,152,2255.1,0.0006,32.9
487,445.3,90.0,144,2266.4,0.0009,32.9
488,430.7,85.1,135,2232.6,0.0007,32.9
489,460.0,89.9,151,2312.2,0.0001,32.9
490,439.2,88.8,153,2291.7,0.0008,32.9
491,416.8,83.7,141,2202.9,0.0007,32.9
492,424.9,84.2,144,2212.7,0.0005,32.9
493,441.3,87.0,156,2290.2,0.0006,32.9
494,438.9,88.6,146,2315.7,0.0009,32.9
495,431.9,87.4,141,2203.6,0.0001,32.9
496,449.9,89.8,149,2283.8,0.0007,32.9
497,463.9,92.8,155,2323.2,0.0007,32.9
498,431.7,86.4,133,2251.1,0.0003,32.9
499,439.5,88.1,140,2266.3,0.001,32.9
500,436.5,87.1,140,2278.4,0.0004,32.9
501,438.3,85.1,148,2250.8,0.0009,32.9
502,443.8,89.1,148,2283.9,0.0001,32.9
503,434.1,85.8,147,2248.4,0.0008,32.9
504,442.9,89.3,150,2271.8,0.001,32.9
505,443.2,88.9,144,2237.9,0.0005,32.9
506,443.0,87.4,146,2252.2,0.0008,32.9
507,463.9,92.1,153,2368.9,0.0001,32.9
508,453.6,91.5,147,2291.3,0.0002,33.0
509,458.3,92.0,155,2345.0,0.0007,33.0
510,449.3,89.6,146,2275.5,0.0002,33.0
511,440.5,87.0,150,2224.9,0.0002,33.0
512,441.1,87.2,149,2264.5,0.0004,33.0
513,451.3,90.5,147,2265.4,0.0002,33.0
514,450.3,89.5,148,2286.9,0.0007,33.0
515,453.2,89.3,149,2319.0,0.0009,33.0
516,450.4,91.5,147,2290.4,0.0009,33.0
517,468.0,94.2,153,2370.5,0.0002,33.0
518,458.1,90.7,146,2298.3,0.0001,33.0
519,454.7,90.7,150,2323.4,0.0009,33.0
520,461.3,92.5,153,2329.1,0.001,33.0
521,464.6,92.4,154,2334.2,0.0006,33.0
522,460.4,91.8,154,2331.6,0.0008,33.0
523,460.4,91.9,153,2315.5,0.0007,33.0
524,459.2,92.0,161,2327.0,0.0004,33.0
525,455.9,91.8,152,2300.2,0.0007,33.0
526,467.1,92.7,149,2323.6,0.0003,33.0
527,456.0,91.3,152,2306.5,0.0004,33.0
528,461.6,93.5,151,2335.7,0.0008,33.0
529,465.5,93.4,156,2353.5,0.0001,33.0
530,468.1,92.1,158,2377.3,0.0002,33.0
531,463.1,94.1,149,2319.5,0.0005,33.0
532,451.3,89.9,152,2315.0,0.0006,33.0
533,463.9,92.8,154,2342.5,0.0008,33.0
534,484.0,96.0,168,2409.3,0.0009,33.0
535,473.3,97.0,160,2372.7,0.0002,33.0
536,467.8,93.0,163,2367.5,0.0004,33.0
537,470.5,93.3,155,2385.1,0.0008,33.0
538,475.2,96.0,158,2340.4,0.0005,33.0
539,476.1,95.5,155,2405.6,0.0007,33.0
540,466.0,91.6,153,2327.8,0.0003,33.0
541,468.9,94.2,165,2363.1,0.001,33.0
542,496.3,98.5,167,2427.1,0.0001,33.0
543,475.0,95.7,164,2382.4,0.0006,33.0
544,461.5,92.3,153,2320.2,0.0009,33.0
545,491.8,99.1,169,2422.1,0.0002,33.0
546,494.8,100.0,161,2415.3,0.0002,33.0
547,493.8,98.7,163,2423.9,0.0009,33.0
548,481.6,95.9,163,2421.6,0.0005,33.0
549,478.7,95.5,164,2400.2,0.0008,33.0
550,481.3,97.2,159,2376.2,0.0002,33.0
551,485.1,97.4,166,2413.8,0.0003,33.0
552,490.2,98.1,160,2461.1,0.0001,33.0
553,474.9,95.0,161,2380.6,0.0009,33.0
554,467.6,94.3,160,2372.8,0.0003,33.0
555,489.9,98.1,166,2403.0,0.0001,33.0
556,494.9,98.2,170,2467.0,0.0009,33.0
557,495.5,100.0,164,2417.5,0.0007,33.0
558,503.0,99.9,168,2469.5,0.0004,33.0
559,495.2,97.8,163,2448.0,0.0004,33.0
560,488.3,97.7,179,2475.5,0.0005,33.0
561,503.1,100.0,166,2456.0,0.0004,33.0
562,496.2,99.4,166,2448.6,0.0008,33.0
563,511.1,100.0,168,2484.0,0.0003,33.0
564,499.2,100.0,163,2455.5,0.0004,33.0
565,486.7,96.6,163,2429.2,0.0004,33.0
566,502.2,100.0,169,2480.8,0.0006,33.0
567,490.7,96.7,164,2423.9,0.0008,33.0
568,490.7,97.8,168,2417.6,0.0009,33.0
569,494.4,97.3,171,2427.2,0.0001,33.0
570,487.0,98.7,162,2433.4,0.0001,33.0
571,488.7,94.7,155,2435.1,0.0003,33.0
572,493.3,97.6,163,2425.8,0.0009,33.0
573,496.3,98.8,158,2410.4,0.0001,32.9
574,497.3,98.9,172,2451.3,0.0009,32.9
575,507.9,100.0,172,2506.3,0.0007,32.9
576,509.3,100.0,165,2500.8,0.0007,32.9
577,517.6,100.0,173,2499.7,0.0003,32.9
578,506.9,100.0,172,2429.2,0.0009,32.9
579,486.4,98.4,158,2435.8,0.0008,32.9
580,499.1,99.6,159,2442.0,0.0001,32.9
581,514.3,100.0,169,2504.8,0.0002,32.9
582,509.1,100.0,169,2435.3,0.0004,32.9
583,501.2,99.9,161,2466.9,0.0005,32.9
584,516.9,100.0,165,2485.6,0.0007,32.9
585,515.9,100.0,160,2491.3,0.001,32.9
586,502.9,100.0,164,2491.3,0.0005,32.9
587,507.5,100.0,157,2444.9,0.0003,32.9
588,521.4,100.0,180,2519.5,0.0007,32.9
589,524.3,100.0,177,2571.8,0.0004,32.9
590,517.7,100.0,173,2527.2,0.0007,32.9
591,502.9,100.0,160,2436.2,0.0003,32.9
592,517.0,100.0,169,2510.8,0.0005,32.9
593,522.6,100.0,172,2497.7,0.0007,32.9
594,534.2,100.0,191,2613.9,0.0007,32.9
595,525.5,100.0,176,2535.0,0.0007,32.9
596,524.7,100.0,177,2531.3,0.0001,32.9
597,511.8,100.0,171,2498.6,0.0009,32.8
598,496.3,97.9,163,2427.5,0.0003,32.8
599,521.3,100.0,182,2540.5,0.0008,32.8
600,504.6,100.0,179,2515.1,0.0007,32.8
601,522.1,100.0,186,2565.3,0.0008,32.8
602,509.6,100.0,169,2458.7,0.0008,32.8
603,506.8,100.0,167,2447.6,0.0007,32.8
604,521.2,100.0,176,2513.9,0.001,32.8
605,507.6,100.0,170,2486.2,0.0009,32.8
606,512.5,100.0,181,2506.7,0.0006,32.8
607,535.8,100.0,182,2578.8,0.0008,32.8
608,518.2,100.0,165,2481.7,0.0008,32.8
609,512.0,100.0,176,2492.4,0.0004,32.8
610,534.4,100.0,179,2589.0,0.0004,32.8
611,521.3,100.0,172,2510.6,0.0007,32.8
612,513.8,100.0,169,2510.0,0.001,32.8
613,520.6,100.0,171,2486.3,0.0007,32.7
614,519.6,100.0,167,2498.4,0.0009,32.7
615,526.4,100.0,183,2552.4,0.0008,32.7
616,523.9,100.0,173,2519.1,0.0004,32.7
617,506.4,99.8,172,2475.5,0.0005,32.7
618,525.2,100.0,184,2530.1,0.0002,32.7
619,534.9,100.0,184,2557.6,0.0004,32.7
620,526.2,100.0,180,2531.8,0.0005,32.7
621,529.2,100.0,181,2497.7,0.0005,32.7
622,535.5,100.0,178,2538.8,0.0005,32.7
623,543.0,100.0,178,2581.5,0.0005,32.7
624,511.7,100.0,166,2459.6,0.0001,32.7
625,528.8,100.0,178,2564.3,0.0002,32.7
626,541.3,100.0,179,2574.4,0.0003,32.7
627,531.3,100.0,167,2539.6,0.0009,32.6
628,537.6,100.0,189,2593.7,0.0004,32.6
629,534.0,100.0,176,2554.3,0.0003,32.6
630,533.9,100.0,175,2521.1,0.0005,32.6
631,526.9,100.0,174,2532.7,0.0008,32.6
632,524.3,100.0,170,2521.2,0.0009,32.6
633,519.6,100.0,179,2534.0,0.0002,32.6
634,535.0,100.0,176,2556.3,0.0002,32.6
635,517.1,100.0,172,2506.9,0.0001,32.6
636,531.6,100.0,183,2583.6,0.0001,32.6
637,534.8,100.0,176,2527.5,0.0003,32.6
638,522.9,100.0,179,2540.0,0.0004,32.5
639,517.9,100.0,161,2516.4,0.0005,32.5
640,506.7,100.0,169,2460.8,0.0009,32.5
641,543.5,100.0,186,2576.1,0.0008,32.5
642,523.4,100.0,173,2517.7,0.0001,32.5
643,554.4,100.0,182,2662.6,0.0007,32.5
644,535.5,100.0,172,2561.7,0.0008,32.5
645,545.4,100.0,188,2602.4,0.0004,32.5
646,535.3,100.0,181,2563.2,0.0001,32.5
647,517.6,100.0,176,2539.6,0.0008,32.5
648,544.6,100.0,191,2597.0,0.0008,32.5
649,541.5,100.0,187,2577.8,0.0008,32.4
650,543.0,100.0,180,2539.2,0.0006,32.4
651,531.3,100.0,177,2539.8,0.001,32.4
652,544.8,100.0,175,2605.4,0.0007,32.4
653,556.8,100.0,180,2654.3,0.0006,32.4
654,544.9,100.0,187,2563.6,0.0004,32.4
655,520.4,100.0,183,2525.8,0.0004,32.4
656,540.3,100.0,185,2594.2,0.001,32.4
657,526.3,100.0,177,2551.0,0.0007,32.4
658,544.1,100.0,187,2601.9,0.0004,32.4
659,532.5,100.0,168,2528.0,0.0001,32.3
660,538.0,100.0,179,2572.7,0.0005,32.3
661,533.3,100.0,173,2511.2,0.0006,32.3
662,519.6,100.0,173,2493.3,0.0007,32.3
663,526.7,100.0,172,2500.0,0.0002,32.3
664,536.0,100.0,185,2576.8,0.001,32.3
665,546.4,100.0,183,2606.0,0.001,32.3
666,555.7,100.0,182,2637.7,0.0006,32.3
667,541.3,100.0,186,2628.5,0.0006,32.3
668,539.0,100.0,178,2575.5,0.0005,32.2
669,543.0,100.0,171,2546.0,0.0008,32.2
670,553.9,100.0,183,2625.6,0.001,32.2
671,552.2,100.0,181,2601.1,0.0007,32.2
672,544.3,100.0,175,2565.2,0.0007,32.2
673,554.1,100.0,174,2615.7,0.0005,32.2
674,539.8,100.0,181,2559.1,0.0004,32.2
675,528.9,100.0,179,2572.0,0.0007,32.2
676,542.1,100.0,181,2584.5,0.0005,32.1
677,546.0,100.0,180,2607.5,0.0001,32.1
678,562.0,100.0,195,2615.5,0.0005,32.1
679,511.1,100.0,182,2483.1,0.0003,32.1
680,525.2,100.0,182,2564.7,0.0006,32.1
681,551.7,100.0,184,2608.2,0.0004,32.1
682,553.5,100.0,182,2635.4,0.001,32.1
683,529.2,100.0,174,2521.8,0.0005,32.1
684,552.3,100.0,189,2600.0,0.0001,32.0
685,545.5,100.0,184,2568.8,0.0008,32.0
686,547.2,100.0,184,2570.8,0.0002,32.0
687,553.3,100.0,180,2605.8,0.0002,32.0
688,547.4,100.0,179,2617.9,0.0005,32.0
689,557.3,100.0,186,2643.3,0.0008,32.0
690,548.4,100.0,179,2570.7,0.0007,32.0
691,553.3,100.0,188,2615.3,0.001,32.0
692,548.3,100.0,183,2615.8,0.0005,31.9
693,555.3,100.0,187,2620.6,0.0005,31.9
694,548.2,100.0,188,2625.4,0.0007,31.9
695,561.6,100.0,188,2632.2,0.0006,31.9
696,558.3,100.0,185,2644.0,0.0009,31.9
697,543.8,100.0,187,2614.4,0.0003,31.9
698,539.9,100.0,178,2560.8,0.0001,31.9
699,561.1,100.0,187,2590.6,0.001,31.8
700,548.9,100.0,186,2620.2,0.0003,31.8
701,545.7,100.0,186,2587.1,0.0006,31.8
702,543.7,100.0,178,2584.5,0.0008,31.8
703,554.8,100.0,191,2595.9,0.0003,31.8
704,557.4,100.0,188,2622.0,0.0003,31.8
705,569.2,100.0,188,2663.6,0.001,31.8
706,539.2,100.0,180,2633.2,0.0007,31.7
707,548.9,100.0,178,2614.8,0.0007,31.7
708,545.2,100.0,179,2590.1,0.0008,31.7
709,564.4,100.0,181,2648.6,0.0002,31.7
710,537.5,100.0,179,2582.6,0.0004,31.7
711,531.6,100.0,172,2561.4,0.0008,31.7
712,545.0,100.0,178,2577.0,0.0002,31.7
713,549.4,100.0,179,2622.4,0.0005,31.6
714,533.7,100.0,169,2519.0,0.0004,31.6
715,546.6,100.0,183,2583.9,0.0006,31.6
716,547.4,100.0,185,2625.0,0.0002,31.6
717,535.3,100.0,169,2511.5,0.0002,31.6
718,533.4,100.0,182,2590.2,0.0005,31.6
719,548.2,100.0,177,2579.6,0.0008,31.6
720,556.6,100.0,187,2606.1,0.0005,31.5
721,549.4,100.0,186,2639.6,0.0007,31.5
722,545.8,100.0,184,2585.9,0.0006,31.5
723,534.3,100.0,173,2581.0,0.0008,31.5
724,549.9,100.0,185,2599.2,0.0007,31.5
725,544.4,100.0,181,2558.6,0.0007,31.5
726,560.4,100.0,180,2632.5,0.0006,31.4
727,553.2,100.0,179,2568.1,0.0002,31.4
728,532.3,100.0,178,2546.8,0.0002,31.4
729,560.5,100.0,188,2642.2,0.0006,31.4
730,545.7,100.0,178,2571.4,0.0003,31.4
731,554.2,100.0,184,2607.0,0.0002,31.4
732,553.9,100.0,182,2642.6,0.0007,31.3
733,554.3,100.0,183,2644.2,0.0008,31.3
734,542.4,100.0,180,2568.7,0.0005,31.3
735,535.7,100.0,179,2567.6,0.0004,31.3
736,544.1,100.0,174,2568.2,0.0003,31.3
737,558.1,100.0,183,2619.0,0.0003,31.3
738,567.5,100.0,187,2657.3,0.0003,31.2
739,554.1,100.0,178,2560.2,0.0003,31.2
740,544.2,100.0,186,2585.3,0.0004,31.2
741,557.7,100.0,183,2620.7,0.0009,31.2
742,538.7,100.0,183,2570.2,0.0009,31.2
743,529.0,100.0,174,2547.4,0.0003,31.2
744,545.7,100.0,190,2637.6,0.0002,31.1
745,535.7,100.0,186,2586.8,0.0003,31.1
746,544.9,100.0,191,2623.5,0.0001,31.1
747,552.0,100.0,181,2604.4,0.0009,31.1
748,541.6,100.0,180,2588.8,0.0006,31.1
749,567.0,100.0,191,2656.2,0.0006,31.1
750,553.4,100.0,183,2615.8,0.0007,31.0
751,530.0,100.0,180,2552.6,0.0001,31.0
752,553.5,100.0,187,2649.6,0.0009,31.0
753,550.6,100.0,185,2588.2,0.0006,31.0
754,546.6,100.0,180,2598.4,0.0005,31.0
755,532.8,100.0,178,2553.0,0.0009,31.0
756,532.6,100.0,182,2528.6,0.0001,30.9
757,555.6,100.0,187,2625.6,0.0003,30.9
758,543.6,100.0,181,2597.6,0.001,30.9
759,529.1,100.0,183,2521.2,0.0005,30.9
760,544.1,100.0,181,2576.7,0.0002,30.9
761,546.8,100.0,186,2585.1,0.0009,30.8
762,536.9,100.0,178,2582.5,0.0001,30.8
763,533.1,100.0,176,2538.8,0.0003,30.8
764,555.8,100.0,186,2620.7,0.0009,30.8
765,545.9,100.0,183,2583.5,0.001,30.8
766,550.3,100.0,190,2624.0,0.0003,30.8
767,538.3,100.0,170,2545.7,0.0004,30.7
768,548.0,100.0,186,2617.5,0.0009,30.7
769,524.8,100.0,169,2507.5,0.001,30.7
770,534.5,100.0,180,2521.2,0.0002,30.7
771,556.1,100.0,194,2606.1,0.0001,30.7
772,576.5,100.0,194,2687.9,0.0005,30.6
773,536.8,100.0,179,2578.1,0.0004,30.6
774,555.6,100.0,177,2585.8,0.0001,30.6
775,558.7,100.0,193,2650.1,0.0007,30.6
776,544.7,100.0,187,2610.4,0.0005,30.6
777,540.8,100.0,178,2587.9,0.0007,30.6
778,549.5,100.0,191,2614.0,0.001,30.5
779,548.8,100.0,174,2593.4,0.0005,30.5
780,540.6,100.0,168,2572.5,0.0008,30.5
781,528.1,100.0,169,2516.9,0.0007,30.5
782,542.1,100.0,168,2558.7,0.001,30.5
783,535.1,100.0,170,2527.0,0.0006,30.4
784,546.5,100.0,186,2602.6,0.0008,30.4
785,541.2,100.0,177,2593.8,0.0005,30.4
786,535.6,100.0,181,2591.0,0.0003,30.4
787,557.5,100.0,190,2634.6,0.0009,30.4
788,542.4,100.0,185,2594.9,0.0006,30.3
789,538.0,100.0,182,2610.1,0.0008,30.3
790,542.3,100.0,179,2591.5,0.0009,30.3
791,531.9,100.0,171,2505.8,0.0003,30.3
792,541.6,100.0,186,2610.1,0.0001,30.3
793,561.7,100.0,192,2653.3,0.0007,30.3
794,532.0,100.0,172,2524.9,0.0007,30.2
795,528.5,100.0,187,2548.7,0.0002,30.2
796,533.9,100.0,179,2535.4,0.0005,30.2
797,540.7,100.0,177,2601.7,0.0008,30.2
798,529.0,100.0,182,2527.3,0.0002,30.2
799,526.4,100.0,187,2562.7,0.0006,30.1
800,538.0,100.0,181,2534.1,0.0004,30.1
801,538.3,100.0,184,2576.5,0.001,30.1
802,537.2,100.0,181,2540.8,0.0003,30.1
803,547.6,100.0,180,2620.5,0.0009,30.1
804,552.0,100.0,187,2582.9,0.0004,30.0
805,545.5,100.0,180,2569.3,0.0004,30.0
806,539.0,100.0,180,2556.8,0.0009,30.0
807,524.8,100.0,172,2556.2,0.0006,30.0
808,533.0,100.0,187,2552.3,0.0008,30.0
809,528.7,100.0,169,2509.8,0.0004,29.9
810,545.4,100.0,189,2604.5,0.0004,29.9
811,526.0,100.0,173,2507.5,0.0002,29.9
812,518.6,100.0,171,2480.4,0.0007,29.9
813,547.7,100.0,185,2597.4,0.001,29.9
814,539.2,100.0,181,2580.9,0.0006,29.8
815,529.2,100.0,175,2557.5,0.0008,29.8
816,517.9,100.0,173,2522.6,0.0001,29.8
817,554.8,100.0,177,2594.3,0.0002,29.8
818,543.6,100.0,172,2554.6,0.0009,29.8
819,514.9,100.0,160,2456.7,0.0002,29.7
820,527.3,100.0,176,2567.3,0.0004,29.7
821,527.7,100.0,171,2524.1,0.0001,29.7
822,508.0,100.0,160,2457.6,0.0007,29.7
823,527.6,100.0,174,2518.4,0.0007,29.6
824,518.6,100.0,159,2486.3,0.0002,29.6
825,539.8,100.0,177,2588.8,0.0009,29.6
826,514.3,100.0,173,2490.9,0.0001,29.6
827,531.7,100.0,172,2553.7,0.0007,29.6
828,519.1,100.0,176,2496.8,0.0007,29.5
829,532.9,100.0,188,2533.7,0.0008,29.5
830,535.2,100.0,188,2605.0,0.0009,29.5
831,513.9,100.0,165,2496.6,0.0001,29.5
832,508.2,100.0,166,2497.7,0.0002,29.5
833,517.4,100.0,161,2454.8,0.0006,29.4
834,508.6,100.0,164,2508.7,0.0001,29.4
835,513.5,100.0,179,2496.5,0.0009,29.4
836,521.7,100.0,170,2513.3,0.001,29.4
837,519.2,100.0,180,2503.1,0.0003,29.4
838,521.6,100.0,163,2505.4,0.0007,29.3
839,504.8,100.0,166,2481.5,0.0006,29.3
840,516.5,100.0,178,2541.7,0.0006,29.3
841,513.7,100.0,161,2451.3,0.0001,29.3
842,518.8,100.0,165,2472.7,0.0005,29.3
843,495.8,100.0,163,2413.2,0.0009,29.2
844,498.4,100.0,163,2404.3,0.0001,29.2
845,500.3,100.0,156,2393.1,0.0007,29.2
846,500.6,99.0,165,2437.9,0.0007,29.2
847,515.2,100.0,168,2481.6,0.0008,29.1
848,520.4,100.0,163,2461.7,0.001,29.1
849,495.6,98.6,168,2430.8,0.0005,29.1
850,515.1,100.0,168,2478.1,0.0008,29.1
851,503.9,98.9,165,2430.5,0.0004,29.1
852,520.0,100.0,172,2503.5,0.0009,29.0
853,513.4,100.0,180,2514.6,0.0006,29.0
854,504.5,100.0,166,2449.7,0.0009,29.0
855,513.5,100.0,167,2479.1,0.0002,29.0
856,510.1,100.0,169,2493.9,0.001,29.0
857,510.9,100.0,159,2465.7,0.001,28.9
858,500.2,100.0,165,2421.0,0.0009,28.9
859,509.0,100.0,176,2516.7,0.0004,28.9
860,508.9,100.0,172,2515.5,0.0003,28.9
861,509.8,100.0,169,2491.7,0.0008,28.8
862,503.6,99.6,163,2435.2,0.0001,28.8
863,504.7,100.0,164,2483.9,0.0004,28.8
864,485.1,94.5,161,2416.5,0.0006,28.8
865,497.2,97.7,168,2453.9,0.0007,28.8
866,499.1,100.0,166,2436.4,0.0009,28.7
867,490.8,98.9,166,2458.7,0.0003,28.7
868,512.3,100.0,159,2475.5,0.0009,28.7
869,499.1,99.7,161,2429.0,0.0001,28.7
870,489.9,98.1,163,2432.5,0.0007,28.7
871,497.2,99.7,160,2420.3,0.0007,28.6
872,500.6,100.0,174,2501.5,0.0004,28.6
873,490.2,99.3,158,2396.8,0.0005,28.6
874,505.1,100.0,169,2491.5,0.0001,28.6
875,506.4,100.0,163,2453.5,0.0004,28.5
876,485.4,97.0,165,2430.7,0.0001,28.5
877,505.3,100.0,155,2476.8,0.0008,28.5
878,482.1,96.9,161,2428.0,0.001,28.5
879,506.3,100.0,167,2464.4,0.0008,28.5
880,491.9,98.9,165,2428.6,0.0002,28.4
881,481.1,97.1,161,2370.3,0.0006,28.4
882,492.7,99.7,169,2459.5,0.0006,28.4
883,492.7,100.0,169,2460.9,0.0004,28.4
884,474.2,95.9,152,2366.8,0.0002,28.3
885,497.6,98.3,171,2413.8,0.0008,28.3
886,481.0,95.3,152,2352.6,0.0005,28.3
887,498.1,97.9,163,2427.2,0.0008,28.3
888,480.1,94.3,161,2382.7,0.0006,28.3
889,478.3,96.1,156,2401.9,0.0006,28.2
890,479.2,96.1,160,2388.3,0.0005,28.2
891,456.5,92.8,162,2377.7,0.001,28.2
892,502.4,100.0,163,2459.5,0.0009,28.2
893,490.9,100.0,159,2440.8,0.0008,28.2
894,486.0,97.9,181,2456.0,0.0009,28.1
895,503.6,100.0,168,2457.2,0.0002,28.1
896,476.5,96.0,157,2371.6,0.0005,28.1
897,473.1,93.7,154,2372.0,0.0002,28.1
898,457.1,91.4,150,2318.7,0.0005,28.0
899,463.8,93.4,160,2362.0,0.001,28.0
900,468.1,92.3,163,2375.4,0.0006,28.0
901,469.7,93.6,155,2333.3,0.0001,28.0
902,473.1,93.6,156,2350.7,0.0007,28.0
903,474.8,95.2,158,2381.7,0.0004,27.9
904,471.3,93.3,157,2353.1,0.0006,27.9
905,485.1,96.9,161,2435.4,0.0009,27.9
906,488.5,96.8,163,2408.6,0.0001,27.9
907,463.3,92.5,158,2320.7,0.0007,27.8
908,472.5,93.5,157,2398.9,0.0007,27.8
909,477.0,93.6,155,2344.7,0.0009,27.8
910,457.6,90.7,163,2306.5,0.0004,27.8
911,467.2,94.7,149,2352.1,0.0001,27.8
912,458.9,93.9,164,2325.3,0.0005,27.7
913,455.5,92.0,160,2346.3,0.0009,27.7
914,464.2,92.8,150,2298.6,0.0008,27.7
915,471.1,94.7,152,2354.1,0.0006,27.7
916,468.8,94.4,156,2311.2,0.0002,27.7
917,469.9,92.1,155,2369.0,0.0006,27.6
918,466.6,92.9,152,2350.5,0.0002,27.6
919,472.4,94.9,159,2339.1,0.0002,27.6
920,469.3,94.1,157,2362.5,0.0001,27.6
921,443.8,87.7,148,2273.3,0.0002,27.5
922,455.9,92.1,142,2283.8,0.0004,27.5
923,446.0,87.8,148,2270.9,0.0003,27.5
924,470.1,94.4,155,2343.0,0.0003,27.5
925,454.4,91.2,154,2310.9,0.0008,27.5
926,443.7,90.0,147,2266.5,0.0006,27.4
927,456.9,92.4,155,2354.8,0.0008,27.4
928,454.6,91.0,146,2300.5,0.0004,27.4
929,463.0,91.7,154,2348.9,0.0007,27.4
930,454.0,90.2,136,2274.8,0.0003,27.3
931,469.4,94.3,160,2348.4,0.0002,27.3
932,454.4,90.2,141,2274.8,0.0004,27.3
933,431.7,86.0,145,2240.3,0.0007,27.3
934,468.2,94.6,153,2341.9,0.0001,27.3
935,448.6,90.3,147,2310.5,0.0007,27.2
936,432.6,87.4,148,2243.4,0.0003,27.2
937,434.2,85.0,156,2278.3,0.0008,27.2
938,438.3,88.8,159,2289.7,0.0009,27.2
939,442.3,85.9,143,2263.5,0.0009,27.2
940,431.7,89.1,144,2241.1,0.0009,27.1
941,429.9,86.0,148,2252.5,0.0002,27.1
942,432.7,86.7,140,2232.3,0.0002,27.1
943,450.5,90.6,146,2329.3,0.0002,27.1
944,429.5,86.1,145,2227.6,0.0003,27.0
945,420.5,82.4,145,2186.0,0.0007,27.0
946,430.0,85.6,146,2227.3,0.0004,27.0
947,441.9,87.7,144,2245.5,0.0003,27.0
948,441.5,89.1,143,2275.4,0.0003,27.0
949,420.7,83.7,148,2241.1,0.0001,26.9
950,428.7,83.9,145,2262.0,0.0009,26.9
951,429.2,85.3,144,2235.9,0.0004,26.9
952,439.7,87.8,144,2261.9,0.0006,26.9
953,439.1,86.5,143,2260.2,0.0007,26.9
954,413.6,82.6,137,2190.8,0.0008,26.8
955,422.9,85.1,143,2247.1,0.0001,26.8
956,415.7,84.2,133,2165.6,0.0006,26.8
957,402.4,81.5,135,2168.9,0.0005,26.8
958,426.5,85.1,146,2223.8,0.0003,26.7
959,419.3,84.0,149,2198.8,0.0006,26.7
960,410.8,81.7,131,2153.8,0.0001,26.7
961,435.8,87.5,148,2261.0,0.0007,26.7
962,415.5,84.4,133,2184.3,0.0006,26.7
963,435.3,87.2,146,2258.3,0.0003,26.6
964,412.3,82.9,141,2208.1,0.0006,26.6
965,427.5,84.2,144,2186.9,0.0003,26.6
966,410.8,80.9,138,2173.2,0.001,26.6
967,413.5,83.7,134,2168.6,0.0005,26.6
968,413.9,84.5,127,2187.2,0.0003,26.5
969,433.9,85.8,144,2239.5,0.0004,26.5
970,408.1,82.4,129,2183.1,0.0008,26.5
971,405.0,80.6,125,2161.0,0.0007,26.5
972,410.3,81.3,138,2182.9,0.0005,26.5
973,426.7,85.8,140,2221.2,0.0009,26.4
974,419.5,83.6,146,2201.4,0.0004,26.4
975,412.4,80.7,141,2197.8,0.0003,26.4
976,405.4,81.5,140,2146.5,0.0004,26.4
977,400.9,79.1,135,2166.5,0.0005,26.4
978,397.5,79.3,128,2124.2,0.0008,26.3
979,414.3,83.0,137,2192.2,0.0008,26.3
980,392.0,76.8,130,2078.4,0.0007,26.3
981,427.1,85.8,143,2214.1,0.0007,26.3
982,409.0,81.7,130,2185.9,0.0005,26.2
983,409.6,82.9,132,2172.0,0.0005,26.2
984,421.5,84.0,127,2173.2,0.0004,26.2
985,394.5,78.3,131,2146.9,0.0002,26.2
986,393.9,77.2,128,2123.8,0.0005,26.2
987,392.7,79.1,140,2118.5,0.0006,26.1
988,408.5,81.6,139,2175.3,0.0009,26.1
989,411.9,80.8,137,2170.0,0.0002,26.1
990,392.1,78.9,127,2106.6,0.0005,26.1
991,391.7,77.9,132,2133.3,0.0007,26.1
992,381.3,76.0,122,2020.5,0.0005,26.0
993,410.3,82.6,137,2152.7,0.0003,26.0
994,399.2,79.7,133,2178.0,0.0009,26.0
995,401.4,80.1,132,2136.8,0.0008,26.0
996,401.3,78.3,141,2126.7,0.0007,26.0
997,389.1,78.0,134,2120.1,0.0005,25.9
998,370.2,73.2,128,2043.7,0.0001,25.9
999,379.4,72.9,122,2058.5,0.0001,25.9
1000,393.7,81.1,118,2089.4,0.0006,25.9
1001,372.5,74.0,125,2073.9,0.001,25.9
1002,392.9,79.2,134,2085.3,0.0007,25.8
1003,383.2,75.2,128,2100.3,0.0009,25.8
1004,374.0,74.5,122,2028.1,0.0002,25.8
1005,393.4,78.3,134,2135.7,0.0002,25.8
1006,384.1,78.9,137,2105.9,0.0008,25.8
1007,392.1,77.8,134,2127.0,0.0009,25.7
1008,379.1,76.0,118,2028.2,0.0005,25.7
1009,377.5,74.7,126,2066.7,0.0006,25.7
1010,372.2,73.9,122,2037.6,0.001,25.7
1011,371.7,74.7,120,2070.7,0.0003,25.7
1012,382.5,77.8,126,2101.8,0.0007,25.7
1013,380.3,77.0,134,2084.4,0.0001,25.6
1014,383.0,76.9,135,2091.6,0.0006,25.6
1015,377.2,77.4,123,2036.3,0.0003,25.6
1016,366.3,74.1,116,2066.7,0.001,25.6
1017,356.4,70.5,122,1990.2,0.0008,25.6
1018,364.0,73.8,116,2005.9,0.0009,25.5
1019,367.6,75.1,122,2086.0,0.0005,25.5
1020,370.0,73.7,139,2090.2,0.0004,25.5
1021,361.3,73.4,123,2012.0,0.0001,25.5
1022,363.9,72.7,108,2019.7,0.0005,25.5
1023,374.3,74.4,127,2054.8,0.0007,25.4
1024,365.6,73.8,120,2045.1,0.0001,25.4
1025,363.8,72.3,121,2041.3,0.0004,25.4
1026,347.6,68.0,113,1959.5,0.0002,25.4
1027,355.4,70.3,111,1988.1,0.0003,25.4
1028,369.1,74.2,128,2072.3,0.0006,25.4
1029,352.8,70.5,114,1967.3,0.0006,25.3
1030,340.5,68.7,118,1923.7,0.0008,25.3
1031,345.6,68.7,112,1937.7,0.0002,25.3
1032,369.0,76.7,127,2082.6,0.0003,25.3
1033,347.2,69.5,114,1957.5,0.0005,25.3
1034,336.7,68.7,106,1941.8,0.001,25.2
1035,356.4,70.6,120,2031.5,0.0006,25.2
1036,348.1,68.2,121,1995.9,0.0009,25.2
1037,352.1,69.6,112,1990.5,0.001,25.2
1038,330.7,66.0,109,1919.3,0.001,25.2
1039,338.8,68.2,102,1924.7,0.0005,25.2
1040,339.7,67.2,106,1931.1,0.0006,25.1
1041,341.3,69.1,117,1956.0,0.0003,25.1
1042,330.3,67.5,115,1893.4,0.0009,25.1
1043,351.9,69.2,115,1999.7,0.0001,25.1
1044,319.1,62.4,111,1882.7,0.0003,25.1
1045,346.2,69.1,112,1957.8,0.0005,25.0
1046,349.3,70.4,116,2013.5,0.0009,25.0
1047,339.3,68.7,114,1982.9,0.0008,25.0
1048,331.3,67.2,117,1928.1,0.0006,25.0
1049,338.0,66.5,111,1933.8,0.0001,25.0
1050,325.4,65.2,105,1914.4,0.0003,25.0
1051,350.6,69.3,114,1983.0,0.001,24.9
1052,292.5,59.1,99,1790.9,0.0007,24.9
1053,330.4,65.8,114,1907.1,0.0007,24.9
1054,330.3,66.8,110,1955.1,0.0007,24.9
1055,322.3,64.5,102,1870.9,0.0002,24.9
1056,316.7,61.6,105,1910.5,0.0002,24.9
1057,337.7,69.1,115,1905.3,0.0004,24.8
1058,337.1,68.2,120,1949.0,0.0001,24.8
1059,336.0,66.7,107,1945.2,0.0004,24.8
1060,327.8,64.8,110,1939.2,0.0005,24.8
1061,322.0,65.2,104,1884.1,0.0002,24.8
1062,318.6,63.9,98,1854.5,0.0005,24.8
1063,298.5,61.1,102,1816.0,0.0008,24.7
1064,307.7,61.0,103,1874.3,0.0005,24.7
1065,313.6,62.9,99,1836.2,0.0004,24.7
1066,316.4,62.8,111,1884.4,0.0002,24.7
1067,303.8,59.3,102,1820.5,0.0005,24.7
1068,309.8,62.4,95,1861.5,0.0003,24.7
1069,312.3,63.5,111,1910.9,0.0009,24.6
1070,296.8,58.5,95,1846.2,0.0006,24.6
1071,315.5,63.6,105,1880.2,0.0002,24.6
1072,309.6,60.1,97,1846.6,0.0002,24.6
1073,314.9,62.9,103,1851.8,0.0003,24.6
1074,302.0,61.5,106,1858.3,0.0008,24.6
1075,290.0,58.7,102,1804.5,0.0009,24.5
1076,319.2,63.9,105,1874.7,0.0008,24.5
1077,296.9,58.6,97,1825.9,0.0006,24.5
1078,289.0,57.9,96,1799.0,0.0009,24.5
1079,294.5,58.9,107,1822.6,0.001,24.5
1080,311.4,62.4,96,1825.7,0.0007,24.5
1081,313.6,61.0,106,1904.8,0.0003,24.4
1082,283.7,57.7,103,1791.9,0.0003,24.4
1083,284.9,57.9,94,1793.3,0.0008,24.4
1084,307.8,61.5,109,1868.3,0.0007,24.4
1085,277.1,53.6,96,1794.1,0.0004,24.4
1086,289.7,57.8,98,1763.3,0.0008,24.4
1087,297.2,59.2,99,1848.5,0.0008,24.4
1088,304.9,60.5,108,1885.3,0.0004,24.3
1089,291.6,57.1,101,1807.1,0.0007,24.3
1090,307.1,60.4,112,1896.7,0.0007,24.3
1091,291.0,60.3,103,1812.3,0.0008,24.3
1092,298.1,58.9,98,1811.3,0.0002,24.3
1093,289.2,58.8,94,1815.4,0.0009,24.3
1094,298.8,60.8,101,1837.7,0.0001,24.3
1095,265.2,55.2,93,1743.0,0.0003,24.2
1096,285.9,56.6,100,1777.4,0.0006,24.2
1097,278.2,55.5,94,1766.9,0.0009,24.2
1098,275.9,56.9,86,1738.7,0.0009,24.2
1099,271.5,54.1,99,1803.1,0.0004,24.2
1100,292.8,58.9,103,1817.8,0.0009,24.2
1101,282.1,55.8,91,1748.5,0.0005,24.2
1102,276.9,55.4,93,1741.5,0.0003,24.1
1103,287.8,57.9,93,1812.5,0.0006,24.1
1104,287.6,58.5,97,1802.4,0.0009,24.1
1105,269.2,54.4,102,1733.0,0.0007,24.1
1106,282.2,57.2,90,1787.6,0.0006,24.1
1107,308.4,61.8,103,1827.8,0.001,24.1
1108,283.4,56.3,89,1766.5,0.0001,24.1
1109,277.9,54.4,100,1766.5,0.0009,24.0
1110,287.3,56.8,85,1794.8,0.0004,24.0
1111,277.7,55.9,96,1755.7,0.0001,24.0
1112,289.0,58.4,96,1782.4,0.0003,24.0
1113,264.6,53.1,96,1755.4,0.0001,24.0
1114,257.5,52.0,85,1680.0,0.0008,24.0
1115,262.5,53.8,82,1754.5,0.0003,24.0
1116,259.0,51.7,93,1732.6,0.001,24.0
1117,257.7,51.7,89,1702.5,0.0003,23.9
1118,243.3,49.2,88,1656.9,0.0001,23.9
1119,248.1,50.1,80,1664.1,0.0002,23.9
1120,258.6,50.7,93,1719.2,0.0004,23.9
1121,235.9,48.1,74,1634.8,0.0001,23.9
1122,263.1,53.5,89,1701.4,0.0003,23.9
1123,242.3,48.9,78,1620.3,0.0003,23.9
1124,253.6,51.5,77,1681.2,0.0004,23.9
1125,253.2,51.8,83,1707.9,0.0007,23.8
1126,235.8,47.4,83,1645.6,0.0009,23.8
1127,224.5,43.5,70,1587.6,0.0008,23.8
1128,243.6,47.5,76,1667.8,0.0009,23.8
1129,240.5,47.8,79,1611.5,0.0004,23.8
1130,237.4,48.0,80,1665.0,0.0001,23.8
1131,254.7,51.1,87,1709.5,0.0003,23.8
1132,250.3,50.3,90,1670.1,0.0009,23.8
1133,245.9,48.8,87,1672.6,0.0006,23.7
1134,251.4,49.5,79,1685.5,0.0003,23.7
1135,243.4,49.0,73,1647.8,0.0006,23.7
1136,232.8,46.3,73,1589.7,0.0008,23.7
1137,236.3,46.5,81,1599.9,0.0001,23.7
1138,241.4,46.7,79,1668.2,0.0009,23.7
1139,243.7,49.7,87,1636.1,0.0007,23.7
1140,225.1,43.7,86,1599.6,0.0005,23.7
1141,229.2,44.2,71,1608.8,0.0007,23.7
1142,237.2,46.8,74,1602.9,0.0004,23.6
1143,226.0,44.6,79,1596.7,0.0001,23.6
1144,221.8,43.9,67,1585.2,0.0008,23.6
1145,226.6,45.7,74,1590.0,0.0006,23.6
1146,222.9,44.8,71,1598.8,0.0002,23.6
1147,226.6,45.9,81,1641.9,0.001,23.6
1148,222.9,42.6,74,1556.0,0.0009,23.6
1149,215.1,44.1,67,1605.7,0.0003,23.6
1150,241.5,48.9,79,1636.9,0.0004,23.6
1151,219.1,43.6,82,1581.9,0.0007,23.6
1152,230.5,46.1,70,1593.2,0.0001,23.5
1153,213.3,43.6,79,1558.6,0.0005,23.5
1154,231.2,47.8,82,1654.4,0.001,23.5
1155,223.0,43.8,69,1556.7,0.0006,23.5
1156,219.2,43.3,79,1605.8,0.0009,23.5
1157,210.3,44.1,68,1546.3,0.0008,23.5
1158,207.7,41.4,73,1562.4,0.0009,23.5
1159,215.8,43.4,77,1569.5,0.0001,23.5
1160,211.3,41.4,71,1516.4,0.0001,23.5
1161,205.7,42.1,65,1559.2,0.0004,23.5
1162,198.8,39.4,60,1519.2,0.0007,23.5
1163,222.7,45.0,81,1606.4,0.0003,23.4
1164,223.0,45.5,74,1588.2,0.0004,23.4
1165,207.1,42.1,66,1580.7,0.0006,23.4
1166,197.6,39.3,65,1519.1,0.0007,23.4
1167,198.2,39.3,68,1531.9,0.0001,23.4
1168,207.2,42.3,71,1530.8,0.0009,23.4
1169,216.1,42.7,67,1606.4,0.0006,23.4
1170,201.1,39.9,68,1504.2,0.0003,23.4
1171,210.5,42.2,74,1577.4,0.0005,23.4
1172,198.5,39.6,66,1520.5,0.0004,23.4
1173,204.7,40.8,67,1522.8,0.0006,23.4
1174,213.9,43.0,67,1525.3,0.0006,23.3
1175,191.3,38.6,61,1478.6,0.0003,23.3
1176,203.0,42.7,68,1533.9,0.0009,23.3
1177,219.0,43.4,67,1595.6,0.0004,23.3
1178,201.5,36.9,69,1475.6,0.0009,23.3
1179,200.6,38.0,72,1571.6,0.0001,23.3
1180,195.5,38.7,64,1513.3,0.0008,23.3
1181,218.1,42.8,67,1579.5,0.0005,23.3
1182,202.0,40.3,71,1538.3,0.0007,23.3
1183,182.4,37.9,71,1488.8,0.0001,23.3
1184,177.8,36.5,66,1481.0,0.0006,23.3
1185,176.8,35.3,55,1440.7,0.0003,23.3
1186,180.5,36.3,61,1448.8,0.0009,23.3
1187,182.0,37.4,63,1428.0,0.0001,23.3
1188,181.3,34.5,55,1442.6,0.0007,23.2
1189,192.9,38.8,57,1507.6,0.0007,23.2
1190,169.0,33.1,55,1412.8,0.0008,23.2
1191,186.9,36.9,66,1495.9,0.0005,23.2
1192,168.6,33.9,57,1438.8,0.0004,23.2
1193,182.7,35.1,59,1460.3,0.0002,23.2
1194,167.8,33.1,58,1401.7,0.0002,23.2
1195,184.1,35.1,62,1466.9,0.0004,23.2
1196,176.4,34.0,61,1461.0,0.0008,23.2
1197,159.1,31.3,52,1405.8,0.0003,23.2
1198,178.4,35.1,60,1451.3,0.0003,23.2
1199,161.7,32.2,56,1430.9,0.0001,23.2
1200,181.0,35.3,47,1453.7,0.0009,23.2
1201,174.8,34.5,65,1464.0,0.0003,23.2
1202,176.3,34.5,57,1429.9,0.0001,23.2
1203,190.8,36.9,67,1499.5,0.0008,23.2
1204,165.5,34.5,52,1407.0,0.0005,23.1
1205,173.6,35.7,62,1460.8,0.0005,23.1
1206,161.7,30.9,54,1419.5,0.0006,23.1
1207,163.6,33.3,58,1390.1,0.0002,23.1
1208,165.1,32.1,62,1395.3,0.0004,23.1
1209,174.4,34.4,63,1440.8,0.0001,23.1
1210,186.4,38.4,62,1510.4,0.0001,23.1
1211,172.8,33.9,54,1452.0,0.0004,23.1
1212,168.3,33.5,52,1399.6,0.0005,23.1
1213,142.6,28.4,43,1300.0,0.0005,23.1
1214,168.1,36.4,51,1443.4,0.0003,23.1
1215,184.9,36.5,63,1476.5,0.0003,23.1
1216,148.2,27.8,47,1306.9,0.0003,23.1
1217,180.9,35.6,60,1414.7,0.0001,23.1
1218,150.2,32.4,48,1404.6,0.0007,23.1
1219,173.1,34.2,61,1436.8,0.0005,23.1
1220,156.5,30.3,54,1397.4,0.0004,23.1
1221,157.5,31.4,52,1371.4,0.001,23.1
1222,158.9,31.3,51,1446.3,0.0001,23.1
1223,140.3,27.7,39,1315.9,0.0009,23.1
1224,158.4,31.3,59,1377.3,0.0008,23.1
1225,147.5,28.0,55,1403.5,0.0005,23.1
1226,164.3,32.6,61,1433.0,0.0002,23.1
1227,152.7,30.8,49,1381.5,0.0002,23.1
1228,146.8,28.6,45,1367.8,0.0007,23.0
1229,157.6,31.5,53,1379.0,0.0002,23.0
1230,151.8,28.8,54,1384.7,0.0003,23.0
1231,145.0,29.3,47,1368.6,0.0008,23.0
1232,148.1,29.1,51,1376.1,0.0006,23.0
1233,153.1,31.3,52,1384.0,0.0002,23.0
1234,141.9,31.1,50,1359.2,0.0009,23.0
1235,141.0,28.8,43,1321.9,0.0008,23.0
1236,140.7,30.2,38,1334.4,0.0003,23.0
1237,159.2,31.4,54,1378.7,0.0008,23.0
1238,135.0,28.3,42,1315.2,0.0001,23.0
1239,142.0,28.9,53,1337.8,0.0007,23.0
1240,138.0,27.0,52,1329.2,0.0001,23.0
1241,127.7,26.2,44,1271.3,0.0005,23.0
1242,138.8,27.9,39,1290.1,0.0002,23.0
1243,141.2,28.1,40,1308.7,0.0003,23.0
1244,147.4,29.6,47,1305.9,0.0005,23.0
1245,144.7,29.0,43,1323.2,0.0009,23.0
1246,126.7,25.4,43,1346.5,0.0003,23.0
1247,138.6,29.4,38,1276.7,0.0008,23.0
1248,146.1,29.5,56,1369.3,0.0006,23.0
1249,122.2,25.1,44,1298.7,0.0009,23.0
1250,150.0,29.0,45,1393.4,0.0004,23.0
1251,122.7,25.8,43,1277.5,0.0007,23.0
1252,120.7,24.2,37,1301.5,0.0008,23.0
1253,146.7,29.3,48,1348.0,0.0004,23.0
1254,115.9,23.3,37,1250.0,0.0008,23.0
1255,140.4,27.4,46,1332.5,0.0003,23.0
1256,138.3,27.5,39,1303.8,0.0005,23.0
1257,112.2,21.8,32,1271.8,0.0004,23.0
1258,133.9,26.7,42,1316.4,0.0003,23.0
1259,127.2,26.3,42,1305.4,0.0005,23.0
1260,120.5,25.2,42,1267.9,0.0003,23.0
1261,131.5,26.6,44,1325.7,0.0005,23.0
1262,117.3,22.6,40,1246.6,0.0003,23.0
1263,117.0,22.2,44,1266.6,0.0007,23.0
1264,110.9,22.5,37,1236.0,0.0006,23.0
1265,121.3,23.6,38,1261.6,0.0002,23.0
1266,125.9,27.1,46,1326.6,0.0006,23.0
1267,135.8,27.2,43,1327.0,0.0007,23.0
1268,109.7,22.7,44,1233.0,0.0002,23.0
1269,110.7,22.5,36,1219.7,0.0009,23.0
1270,115.2,22.2,36,1256.4,0.0006,23.0
1271,102.9,18.8,31,1215.3,0.0007,23.0
1272,121.0,22.1,42,1254.5,0.0008,23.0
1273,119.0,24.6,39,1279.5,0.0009,23.0
1274,115.9,23.5,37,1289.5,0.0008,23.0
1275,125.6,26.1,42,1256.3,0.0002,23.0
1276,118.2,25.4,40,1270.9,0.0009,23.0
1277,109.6,25.5,34,1247.7,0.0007,23.0
1278,119.1,23.9,42,1266.0,0.0009,23.0
1279,115.7,23.2,33,1246.3,0.0001,23.0
1280,91.1,17.6,31,1220.4,0.0008,23.0
1281,117.8,24.2,38,1225.3,0.0005,23.0
1282,109.2,21.1,32,1229.1,0.0004,23.0
1283,114.2,23.1,38,1242.5,0.0001,23.0
1284,106.7,21.0,32,1238.9,0.0002,23.0
1285,90.7,18.1,40,1194.6,0.001,23.0
1286,101.2,21.2,28,1236.5,0.0003,23.0
1287,103.5,22.4,44,1230.7,0.0009,23.0
1288,105.9,20.6,39,1281.3,0.0004,23.0
1289,112.1,22.3,41,1250.6,0.0008,23.0
1290,101.8,20.0,42,1251.4,0.0004,23.0
1291,97.0,19.0,39,1229.9,0.0003,23.0
1292,103.4,21.0,41,1194.1,0.0005,23.0
1293,78.3,16.1,32,1114.9,0.0009,23.1
1294,100.7,19.0,27,1248.0,0.0003,23.1
1295,77.6,16.0,29,1148.4,0.0004,23.1
1296,89.6,18.0,26,1199.6,0.0003,23.1
1297,106.9,20.8,35,1234.6,0.0005,23.1
1298,93.8,19.5,23,1176.2,0.0003,23.1
1299,105.6,20.1,27,1193.5,0.0003,23.1
1300,90.9,19.6,37,1178.4,0.0002,23.1
1301,105.2,21.0,42,1271.0,0.0002,23.1
1302,87.9,16.7,41,1174.2,0.0007,23.1
1303,106.9,20.5,37,1242.5,0.0003,23.1
1304,90.1,18.5,24,1167.5,0.0005,23.1
1305,77.6,16.6,26,1159.6,0.0008,23.1
1306,90.6,19.4,26,1168.0,0.0003,23.1
1307,86.9,18.5,27,1165.9,0.0007,23.1
1308,86.6,16.1,29,1159.3,0.0002,23.1
1309,88.3,18.7,33,1159.2,0.001,23.1
1310,84.9,16.1,24,1153.2,0.0007,23.1
1311,84.5,17.5,22,1146.3,0.0004,23.1
1312,90.1,16.0,35,1170.8,0.0006,23.1
1313,80.5,17.7,29,1143.8,0.0002,23.1
1314,86.1,15.6,37,1167.6,0.0004,23.1
1315,90.5,18.6,42,1199.7,0.0002,23.1
1316,78.5,16.5,23,1153.1,0.0002,23.1
1317,90.0,17.5,28,1176.8,0.0009,23.2
1318,81.8,14.6,25,1097.9,0.0009,23.2
1319,80.8,16.1,37,1131.6,0.0007,23.2
1320,74.6,15.1,22,1114.4,0.0007,23.2
1321,73.2,15.0,30,1152.2,0.0009,23.2
1322,64.0,12.2,21,1102.6,0.0002,23.2
1323,88.7,15.8,31,1186.9,0.0004,23.2
1324,82.7,14.1,31,1157.6,0.0005,23.2
1325,71.6,13.6,22,1117.8,0.0005,23.2
1326,61.1,12.1,21,1083.3,0.0002,23.2
1327,76.4,16.1,36,1138.3,0.0005,23.2
1328,65.9,13.7,21,1083.7,0.001,23.2
1329,75.4,13.8,27,1140.3,0.0009,23.2
1330,86.2,17.6,19,1127.1,0.0002,23.2
1331,76.7,15.4,34,1126.2,0.0004,23.2
1332,87.6,16.8,33,1207.3,0.0008,23.2
1333,77.0,16.6,27,1144.4,0.0008,23.3
1334,75.6,15.1,27,1118.9,0.0008,23.3
1335,74.0,13.7,25,1144.8,0.0008,23.3
1336,55.8,12.0,34,1109.4,0.0008,23.3
1337,64.2,14.3,25,1109.8,0.0008,23.3
1338,70.2,13.0,22,1112.2,0.0003,23.3
1339,54.5,12.0,21,1068.7,0.0009,23.3
1340,65.1,11.4,26,1144.7,0.0009,23.3
1341,75.4,17.8,24,1120.6,0.0005,23.3
1342,81.4,14.5,30,1152.7,0.0008,23.3
1343,70.0,11.5,19,1133.5,0.0008,23.3
1344,54.0,12.3,19,1066.5,0.0006,23.3
1345,73.4,14.3,29,1195.5,0.001,23.3
1346,57.7,12.6,16,1053.2,0.0007,23.3
1347,71.8,13.8,22,1120.5,0.0005,23.4
1348,75.1,13.3,27,1148.4,0.0008,23.4
1349,64.1,11.1,14,1056.8,0.0007,23.4
1350,62.7,10.5,25,1090.1,0.0005,23.4
1351,51.3,8.5,25,1068.8,0.0003,23.4
1352,54.9,11.7,14,1050.3,0.0002,23.4
1353,67.8,14.2,24,1069.9,0.0004,23.4
1354,83.9,16.1,29,1162.0,0.0002,23.4
1355,69.2,13.6,28,1107.6,0.0001,23.4
1356,43.0,10.4,10,1016.5,0.0001,23.4
1357,58.1,12.6,28,1081.8,0.0003,23.4
1358,68.5,12.0,24,1135.7,0.001,23.5
1359,74.1,16.8,27,1101.3,0.0002,23.5
1360,43.4,9.0,10,1024.4,0.0006,23.5
1361,69.8,12.4,19,1112.8,0.0005,23.5
1362,59.1,12.0,27,1127.1,0.0001,23.5
1363,72.2,14.0,21,1093.0,0.0001,23.5
1364,63.7,10.9,17,1103.0,0.0009,23.5
1365,56.0,11.7,17,1068.9,0.0005,23.5
1366,56.4,12.4,19,1078.9,0.0002,23.5
1367,52.6,12.4,22,1086.6,0.0007,23.5
1368,70.4,14.5,21,1129.6,0.0003,23.5
1369,57.8,10.2,12,1060.6,0.0008,23.6
1370,61.4,11.0,15,1079.0,0.0001,23.6
1371,55.4,11.4,18,1061.4,0.0001,23.6
1372,78.4,16.3,22,1134.2,0.0008,23.6
1373,61.9,14.2,26,1133.2,0.0002,23.6
1374,55.8,13.0,20,1053.0,0.0009,23.6
1375,64.7,12.2,20,1094.3,0.0009,23.6
1376,60.4,13.3,14,1047.2,0.001,23.6
1377,71.9,14.7,28,1135.4,0.0007,23.6
1378,68.1,12.7,21,1091.3,0.0008,23.6
1379,68.6,14.3,30,1121.2,0.0003,23.7
1380,59.0,11.0,19,1082.4,0.0008,23.7
1381,61.8,12.6,23,1088.3,0.0003,23.7
1382,49.5,8.1,19,1067.6,0.0003,23.7
1383,65.8,13.2,18,1096.6,0.0008,23.7
1384,56.6,11.1,29,1097.5,0.0004,23.7
1385,67.8,14.0,21,1081.1,0.0002,23.7
1386,48.7,8.7,28,1070.8,0.0003,23.7
1387,58.7,13.0,28,1076.5,0.0003,23.7
1388,55.1,11.1,19,1060.3,0.0003,23.8
1389,53.2,10.6,12,1053.3,0.0001,23.8
1390,66.7,12.3,20,1152.3,0.0008,23.8
1391,68.5,11.1,15,1056.2,0.0009,23.8
1392,55.8,9.8,24,1044.1,0.001,23.8
1393,45.0,9.1,14,1039.9,0.0007,23.8
1394,40.5,9.2,13,1001.7,0.001,23.8
1395,44.8,8.4,10,1043.2,0.0008,23.8
1396,52.5,9.6,16,1037.8,0.0007,23.9
1397,46.2,10.6,17,1047.0,0.0006,23.9
1398,62.3,12.1,29,1107.9,0.0002,23.9
1399,59.1,11.4,26,1055.2,0.0001,23.9
1400,61.0,11.7,19,1086.6,0.001,23.9
1401,63.4,12.5,17,1076.4,0.0007,23.9
1402,53.5,11.4,13,1062.6,0.0007,23.9
1403,31.6,6.1,10,1010.4,0.0005,23.9
1404,53.0,11.8,12,1068.4,0.001,24.0
1405,55.2,12.8,23,1118.3,0.0007,24.0
1406,58.3,11.6,21,1035.0,0.0006,24.0
1407,42.3,10.3,12,1048.1,0.0002,24.0
1408,65.0,14.5,32,1127.6,0.0002,24.0
1409,56.6,10.1,11,1052.4,0.0008,24.0
1410,55.2,12.2,21,1090.4,0.0004,24.0
1411,61.5,11.8,20,1096.4,0.0003,24.0
1412,53.8,10.2,17,1079.6,0.0006,24.1
1413,55.9,11.8,20,1071.8,0.001,24.1
1414,51.0,11.7,10,1024.5,0.0008,24.1
1415,51.0,9.6,15,1033.3,0.0008,24.1
1416,38.9,8.7,18,1027.9,0.0008,24.1
1417,50.2,9.1,20,1055.1,0.0002,24.1
1418,57.4,9.8,20,1082.5,0.0002,24.1
1419,61.6,11.0,20,1094.9,0.0007,24.2
1420,59.3,12.5,21,1108.5,0.0001,24.2
1421,49.9,9.0,20,1035.6,0.0003,24.2
1422,53.5,10.4,15,1065.3,0.001,24.2
1423,68.5,12.4,26,1095.8,0.0004,24.2
1424,51.8,10.5,21,1063.7,0.0004,24.2
1425,57.6,12.1,27,1074.2,0.0006,24.2
1426,51.0,9.4,24,1023.9,0.0008,24.3
1427,59.8,10.3,18,1085.1,0.0003,24.3
1428,45.3,8.4,12,1055.1,0.0002,24.3
1429,63.5,11.0,18,1101.0,0.0003,24.3
1430,31.0,7.9,11,991.5,0.0005,24.3
1431,53.6,10.3,24,1071.4,0.0002,24.3
1432,47.6,8.4,16,1074.9,0.0004,24.3
1433,56.5,11.3,24,1092.6,0.0001,24.4
1434,58.4,13.8,19,1110.5,0.0003,24.4
1435,46.6,9.2,15,1010.2,0.0006,24.4
1436,48.7,10.2,18,1128.7,0.0008,24.4
1437,42.6,11.2,12,990.9,0.0007,24.4
1438,32.6,7.2,10,977.9,0.0002,24.4
1439,42.4,7.2,17,1024.3,0.0009,24.4
